Id,class_0,class_1
00eed32682bb,6.21359242203301e-06,0.999993786407578
010ebe33f668,6.21359242203301e-06,0.999993786407578
02fa521e1838,6.21359242203301e-06,0.999993786407578
040e15f562a2,6.21359242203301e-06,0.999993786407578
046e85c7cc7f,6.21359242203301e-06,0.999993786407578
